timestamp,open,high,low,close,volume,macd,macd_signal,macd_hist,rsi,boll_mid,boll_upper,boll_lower,ema20,ema50,ema200
2025-03-20 23:00:00,84105.0,84122.0,83975.5,84000.2,850.894,-145.13096920933458,-155.55983496575914,10.428865756424557,40.89816855773988,84193.655,84588.5605768552,83798.74942314479,84259.50251657148,84611.44142010278,84439.86438100641
2025-03-20 23:15:00,84000.2,84015.5,83877.4,84007.0,1152.749,-148.6350133176602,-154.17487063613936,5.539857318479164,41.11053566422494,84197.36,84583.25249880161,83811.46750119839,84235.45465781048,84587.73050032368,84435.5572727377
2025-03-20 23:30:00,84007.1,84165.1,83976.7,84160.0,1164.349,-137.48137432173826,-150.83617137325913,13.354797051520876,45.82719825266808,84207.06,84577.92623152288,83836.19376847711,84228.26849991299,84570.95176846255,84432.81540932738
2025-03-20 23:45:00,84160.0,84318.9,84125.8,84183.6,934.09,-125.29340812526061,-145.72761872365945,20.434210598398835,46.53848339321358,84215.14,84575.93468078673,83854.34531921327,84224.01435705835,84555.75716419105,84430.33565401069
2025-03-21 00:00:00,84183.6,84440.4,84140.0,84400.0,1226.318,-97.05391083133873,-135.9928771451953,38.93896631385658,52.67451325962006,84237.26,84585.60383739695,83888.91616260304,84240.77489450196,84549.64736386079,84430.03380670711
2025-03-21 00:15:00,84400.0,84405.1,84218.5,84236.0,835.357,-86.9055406038533,-126.1754098369269,39.26986923307361,48.16291681628791,84248.62000000001,84579.99922686828,83917.24077313174,84240.32014264412,84537.34422419984,84428.10312206327
2025-03-21 00:30:00,84236.0,84432.5,84205.8,84393.2,750.298,-65.42399221524829,-114.02512631259118,48.60113409734289,52.37376284592541,84252.545,84589.03981406784,83916.05018593215,84254.88012907362,84531.69007757098,84427.75582731639
2025-03-21 00:45:00,84393.3,84499.0,84378.1,84468.8,920.85,-41.81737810498453,-99.58357667106985,57.76619856608532,54.29655218930722,84269.52,84613.99534233022,83925.04465766979,84275.25345013276,84529.22319976435,84428.16422704459
2025-03-21 01:00:00,84468.8,84540.0,84415.3,84523.2,863.746,-18.50601559499046,-83.36806445585398,64.86204886086352,55.68304349676465,84284.75,84646.25915544911,83923.24084455089,84298.8674072824,84528.98694061853,84429.10985662624
2025-03-21 01:15:00,84523.3,84547.3,84338.4,84345.1,804.861,-14.238638986673323,-69.54217936201785,55.303540375344525,50.30270913662101,84279.55500000001,84634.0439366544,83925.06606334561,84303.27051135403,84521.77406792186,84428.27393765484
2025-03-21 01:30:00,84345.1,84538.8,84333.6,84519.4,820.862,3.1712832956109196,-54.99948683049209,58.17077012610301,54.89595741140664,84280.61,84637.95412663698,83923.26587336302,84323.85427219134,84521.6809471229,84429.18066464335
2025-03-21 01:45:00,84519.5,84744.4,84467.2,84733.5,2026.354,33.854596779085114,-37.228670108576644,71.08326688766175,59.80970015692736,84292.785,84694.05954455162,83891.51045544838,84362.86815105405,84529.98929933512,84432.20871773148
2025-03-21 02:00:00,84733.5,84813.6,84596.8,84605.1,1249.575,47.26568813288759,-20.329798460283794,67.59548659317139,55.878080769679265,84308.24500000001,84733.15408241136,83883.33591758866,84385.9378509664,84532.93540391041,84433.92902899784
2025-03-21 02:15:00,84605.0,84629.8,84475.6,84602.0,1152.591,56.987019672145834,-4.8664348337978645,61.8534545059437,55.78273947725903,84318.97,84762.71289426468,83875.22710573532,84406.51519850368,84535.64433793511,84435.60137696801
2025-03-21 02:30:00,84602.1,84619.7,84511.2,84521.2,526.095,57.50843912259734,7.60853995748118,49.89989916511616,53.23322948622394,84322.815,84772.4243100505,83873.20568994951,84417.43756055587,84535.07778912486,84436.45310456038
2025-03-21 02:45:00,84521.2,84723.8,84493.0,84641.2,809.179,66.83424083763384,19.453680133511718,47.380560704122125,56.418960019433236,84338.575,84810.21197848406,83866.93802151593,84438.74826908308,84539.2401798778,84438.49038710207
2025-03-21 03:00:00,84641.2,84689.0,84342.2,84389.1,1064.9,53.26859659369802,26.216663425548983,27.051933168149038,48.88499626286351,84344.88,84815.63370071487,83874.12629928514,84434.019862502,84533.35133002809,84437.99894046424
2025-03-21 03:15:00,84389.1,84410.0,84220.2,84402.8,1195.645,43.12607074980042,29.59854489039927,13.527525859401148,49.28136411144443,84366.06999999999,84804.5240309577,83927.61596904228,84431.04654226272,84528.23083488751,84437.64870225068
2025-03-21 03:30:00,84402.9,84442.6,84318.1,84411.3,783.112,35.3662448230607,30.75208487693156,4.6141599461291385,49.54279461386475,84382.37999999999,84800.62960867623,83964.13039132375,84429.1659191895,84523.64459328011,84437.38652610888
2025-03-21 03:45:00,84411.2,84463.1,84389.8,84409.9,490.925,28.77189408992126,30.356046719529502,-1.5841526296082407,49.49753966288496,84397.63,84795.00068522179,84000.25931477822,84427.33106974237,84519.18334932634,84437.11302833665
2025-03-21 04:00:00,84410.0,84609.7,84409.9,84577.2,909.933,36.62336358745233,31.609510093114068,5.013853494338264,54.80983392961271,84426.48000000001,84784.15958963588,84068.80041036414,84441.60430119901,84521.45884125258,84438.5069285522
2025-03-21 04:15:00,84577.2,84648.6,84513.7,84636.4,388.148,47.079946485260734,34.7035973715434,12.376349113717332,56.55146118539874,84457.95,84767.783738097,84148.116261903,84460.15627251756,84525.96696421062,84440.47601384025
2025-03-21 04:30:00,84636.4,84738.5,84630.0,84692.6,697.842,59.21909308723116,39.606696514680955,19.612396572550203,58.19849489087841,84484.58,84777.68992082194,84191.47007917806,84482.29377037752,84532.50246574606,84442.98471021996
2025-03-21 04:45:00,84692.5,84773.6,84599.4,84621.2,613.542,62.35923269180057,44.157203750104884,18.202028941695687,55.328866478166226,84506.45999999999,84768.67331131663,84244.24668868336,84495.5229351059,84535.98124672544,84444.75799668544
2025-03-21 05:00:00,84621.2,84633.8,84456.0,84494.1,766.404,53.969778443221,46.11971868872811,7.850059754492889,50.550581089775655,84511.16500000001,84768.66980649588,84253.66019350414,84495.38741747674,84534.33864242276,84445.24896189256
2025-03-21 05:15:00,84494.1,84507.9,84390.0,84390.1,554.913,38.48550791128946,44.592876533240386,-6.107368621950926,46.97566600676179,84518.87,84749.53040748037,84288.20959251962,84485.3600443822,84528.68155511547,84444.70021600308
2025-03-21 05:30:00,84390.0,84493.2,84330.7,84365.2,576.538,23.929050901468145,40.46011140688594,-16.5310605054178,46.13443461288827,84517.47,84751.65498401244,84283.28501598757,84473.91623062995,84522.26978418314,84443.90916907768
2025-03-21 05:45:00,84365.2,84441.9,84300.0,84436.7,713.917,17.9554271834495,35.959174562198655,-18.003747378749154,48.960858312746744,84515.865,84751.88724939736,84279.84275060265,84470.37182771237,84518.91373948376,84443.83743605204
2025-03-21 06:00:00,84436.8,84445.1,84156.8,84199.8,2481.012,-5.827387900237227,27.601862069711476,-33.4292499699487,41.23965828306254,84499.69499999999,84774.69539789452,84224.69460210546,84444.60308221309,84506.39816062262,84441.4092028575
2025-03-21 06:15:00,84199.9,84229.2,83984.4,84184.0,3269.905,-25.65463743377768,16.950562169013644,-42.60519960279132,40.77777103356004,84491.63999999998,84793.80267769119,84189.47732230878,84419.78374104743,84493.75381949008,84438.84791725694
2025-03-21 06:30:00,84184.1,84250.0,84070.0,84180.4,1185.032,-41.1836262333527,5.323724488540372,-46.50735072189307,40.66601201033738,84474.69,84806.84073242832,84142.53926757169,84396.98528951703,84481.46424283883,84436.2762961897
2025-03-21 06:45:00,84180.3,84235.1,84061.1,84165.0,836.151,-54.10937383037526,-6.562895175242757,-47.5464786551325,40.1589692626412,84446.265,84782.43700656809,84110.09299343191,84374.89145241835,84469.05272417012,84433.57702956094
2025-03-21 07:00:00,84165.1,84232.3,84000.2,84115.9,1051.865,-67.53656206915912,-18.757628554026034,-48.77893351513308,38.51029342513673,84421.805,84779.797010937,84063.81298906298,84350.22559980524,84455.20235808841,84430.41606409267
2025-03-21 07:15:00,84115.9,84119.9,83900.0,84041.1,1716.491,-83.2537429430522,-31.656851431831274,-51.59689151122093,36.08018180578054,84393.76,84779.14769215314,84008.37230784685,84320.78506648846,84438.96165334624,84426.54227241017
2025-03-21 07:30:00,84041.1,84041.1,83650.3,83755.5,2783.165,-117.40191862205393,-48.80586486987581,-68.59605375217811,28.647066917469843,84355.475,84829.49642911804,83881.45357088197,84266.94839348628,84412.15702095783,84419.86523487375
2025-03-21 07:45:00,83755.5,83904.6,83697.1,83889.6,2047.071,-132.120837938186,-65.46885948353786,-66.65197845464816,35.378877450919106,84317.89499999999,84815.14281696212,83820.64718303786,84231.01045124751,84391.66296193664,84414.58896387999
2025-03-21 08:00:00,83889.5,84120.0,83765.3,84075.7,1772.37,-127.30152032170736,-77.83539165117176,-49.466128670535596,43.364536949868544,84302.225,84809.67277226712,83794.77722773289,84216.21897969938,84379.27131246745,84411.21693438865
2025-03-21 08:15:00,84075.6,84083.6,83765.6,83810.0,1467.413,-143.27041347514023,-90.92239601596546,-52.34801745917477,36.440619163462756,84272.585,84822.7505110772,83722.41948892281,84177.53145782149,84356.94531129986,84405.23467633504
2025-03-21 08:30:00,83810.0,83960.0,83679.8,83826.5,2284.794,-152.8327039773285,-103.30445760823808,-49.52824636909041,37.11214242627815,84243.345,84823.79679309322,83662.89320690678,84144.09989040856,84336.14206977595,84399.47612234166
2025-03-21 08:45:00,83826.5,84000.3,83775.8,83979.6,1023.454,-146.369738475536,-111.91751378169769,-34.4522246938383,43.11746420441669,84221.82999999999,84808.15724866423,83635.50275133575,84128.43323417859,84322.15908198559,84395.29825047757
2025-03-21 09:00:00,83979.6,83985.0,83743.6,83916.7,1135.473,-144.65579408268968,-118.46516984189611,-26.190624240793568,41.369587432054395,84188.80500000001,84765.1741743646,83612.43582563542,84108.26816425614,84306.25769240677,84390.53607883104
2025-03-21 09:15:00,83916.7,84158.8,83862.0,84091.8,1978.63,-127.69637001457158,-120.3114098764312,-7.384960138140386,47.7227571602729,84161.575,84699.05371389902,83624.09628610098,84106.69976766028,84297.84706165531,84387.56358053422
2025-03-21 09:30:00,84091.9,84319.5,84052.9,84180.9,2323.449,-105.8461504092993,-117.41835798300482,11.572207573705526,50.653005674311295,84135.99,84612.26724301117,83659.71275698884,84113.76645645473,84293.2606272245,84385.50722649904
2025-03-21 09:45:00,84181.0,84212.4,84034.7,84095.3,928.179,-94.34929853297945,-112.80454609299977,18.455247560020325,47.87652204016362,84109.69499999999,84527.68226988899,83691.707730111,84112.00774631616,84285.49701788163,84382.61959240453
2025-03-21 10:00:00,84095.3,84220.9,84081.6,84193.9,926.813,-76.40106080179976,-105.52384903475976,29.122788232960005,51.1950222524844,84094.685,84474.35403190706,83715.01596809294,84119.80700857194,84281.90477902949,84380.74178551494
2025-03-21 10:15:00,84194.0,84258.0,83956.4,84006.4,1460.125,-76.42564869803027,-99.70420896741388,23.278560269383604,45.29002061786858,84075.5,84430.27751664325,83720.72248335675,84109.00634108868,84271.10009515837,84377.01699162922
2025-03-21 10:30:00,84006.4,84073.7,83851.1,84037.6,1323.877,-73.0850762790069,-94.38038242973249,21.295306150725594,46.397949027613656,84059.12,84386.79535024418,83731.44464975581,84102.20573717535,84261.94276055062,84373.63970813042
2025-03-21 10:45:00,84037.5,84160.7,84032.1,84115.5,628.084,-63.42069533851463,-88.18844501148892,24.76774967297429,49.1659570605852,84043.06,84320.44116203589,83765.67883796411,84103.47185744438,84256.19962511507,84371.07115382067
2025-03-21 11:00:00,84115.0,84135.3,83980.0,84010.6,762.562,-63.49423507355095,-83.24960302390133,19.755367950350376,45.740565802106836,84033.6,84301.20649036216,83765.99350963785,84094.62691864002,84246.56781274208,84367.4843761707
2025-03-21 11:15:00,84010.5,84064.6,83921.0,83921.0,519.807,-69.97584896646731,-80.59485221241454,10.619003245947226,42.98578078660731,84020.45,84282.73269601961,83758.16730398039,84078.09102162646,84233.79986864529,84363.04174556205
2025-03-21 11:30:00,83921.0,84036.6,83900.0,84004.5,692.628,-67.59562228065624,-77.99500622606288,10.39938394540664,46.23549366308666,84011.655,84262.91974588778,83760.39025411222,84071.08235290005,84224.80732520588,84359.47416600422
2025-03-21 11:45:00,84004.5,84105.6,83989.1,84006.0,548.017,-64.84079371171538,-75.36416372319339,10.523370011478008,46.29471365087376,84003.705,84244.37932001673,83763.03067998328,84064.88403357616,84216.22628664286,84355.95701012359
2025-03-21 12:00:00,84005.9,84227.0,83974.9,84155.1,1560.14,-50.049508760581375,-70.30123273067099,20.251723970089614,51.959123172981926,84005.66500000001,84250.78387792563,83760.54612207439,84073.47603037852,84213.82908096677,84353.95843290843
2025-03-21 12:15:00,84155.0,84344.4,84112.0,84225.7,1539.415,-32.25862160786346,-62.692710506109485,30.434088898246024,54.411057677222445,84014.89499999999,84278.81341223286,83750.97658776712,84087.97355129498,84214.29462518962,84352.68222959591
2025-03-21 12:30:00,84225.7,84250.0,83622.6,83757.5,3383.803,-55.30156038333371,-61.21448048155433,5.912920098220624,39.875897981060334,84014.995,84278.50076923624,83751.48923076375,84056.49987974283,84196.38044550571,84346.76001835616
2025-03-21 12:45:00,83757.5,83869.4,83334.9,83428.6,6727.76,-98.96196465018147,-68.76397731527977,-30.197987334901697,33.17207644109841,83991.94499999999,84361.10529024592,83622.78470975407,83996.69989119544,84166.27033457671,84337.62409777551
2025-03-21 13:00:00,83428.7,83688.4,83345.2,83573.9,3352.437,-120.45017924837884,-79.1012177018996,-41.348961546479245,38.12132640214322,83966.855,84377.88280786927,83555.82719213072,83956.43323489084,84143.03932935518,84330.02485302153
2025-03-21 13:15:00,83574.0,83767.2,83476.0,83664.4,2450.494,-128.69365019645193,-89.01970420081007,-39.67394599564186,41.04975528573139,83959.575,84387.12589509255,83532.02410490744,83928.62054585344,84124.26854160894,84323.40172015564
2025-03-21 13:30:00,83665.1,83840.0,83122.0,83747.1,7619.197,-127.08846476751205,-96.63345631415048,-30.45500845336157,43.67307568989039,83955.605,84389.78186173133,83521.42813826866,83911.33287481968,84109.4771505462,84317.66737468145
2025-03-21 13:45:00,83747.1,84058.0,83667.1,83893.9,6762.975,-112.67199797437934,-99.84116464619626,-12.830833328183076,48.0890817947817,83951.32,84386.19079073133,83516.44920926869,83909.67260102733,84101.02288771482,84313.4507838886
2025-03-21 14:00:00,83893.9,83961.6,83450.1,83716.1,3673.238,-114.27650974423159,-102.72823366580334,-11.548276078428245,43.627728524345414,83941.29000000001,84388.59838485056,83493.98161514946,83891.23711521512,84085.92743174525,84307.5069949942
2025-03-21 14:15:00,83716.1,84259.8,83633.9,84046.4,4028.555,-87.8825915465859,-99.75910524195987,11.876513695373973,52.45260024469917,83939.02,84383.56460483052,83494.47539516949,83906.01453281374,84084.3772928959,84304.90891544202
2025-03-21 14:30:00,84046.4,84243.4,83905.0,84044.8,2409.098,-66.32972012052778,-93.07322821767346,26.74350809714568,52.409799487046214,83932.215,84365.18561174089,83499.2443882591,83919.23219635535,84082.82520035999,84302.32076702967
2025-03-21 14:45:00,84044.9,84214.3,83860.8,84200.1,1598.776,-36.299069076252636,-81.7183963893893,45.41932731313666,56.14996272940888,83937.455,84381.14013479924,83493.76986520077,83945.98151098826,84087.4243312113,84301.30364496967
2025-03-21 15:00:00,84200.0,84238.6,83770.0,83785.1,1878.762,-45.462529679221916,-74.46722304735583,29.004693368133914,45.79297996525023,83917.015,84348.45335456432,83485.57664543568,83930.65946232267,84075.5681800947,84296.16729029335
2025-03-21 15:15:00,83785.0,83895.9,83680.2,83707.3,1584.898,-58.33005544678599,-71.23978952724187,12.909734080455877,44.1489112590942,83902.06000000001,84341.12076021162,83462.9992397884,83909.3871325776,84061.12594543624,84290.30791427054
2025-03-21 15:30:00,83707.4,83936.4,83530.6,83608.9,1995.029,-75.5962929429661,-72.11109021038672,-3.4852027325793813,42.0906211977034,83880.625,84333.46647975773,83427.78352024227,83880.76931042728,84043.3911873093,84283.5277360191
2025-03-21 15:45:00,83609.0,83745.0,83508.5,83525.9,1524.556,-94.88355829105421,-76.66558382652022,-18.217974464533995,40.38050355800156,83851.14499999999,84316.20703989043,83386.08296010955,83846.97223324365,84023.09696742648,84275.98915158109
2025-03-21 16:00:00,83525.9,83807.3,83333.0,83778.5,4964.242,-88.76294217750547,-79.08505549671727,-9.677886680788191,47.38661203134834,83839.54,84299.40284179398,83379.677158206,83840.45106817281,84013.50472611756,84271.03901076934
2025-03-21 16:15:00,83778.4,83997.7,83600.0,83895.4,3228.196,-73.63068805471994,-77.99418200831781,4.363493953597867,50.297545238910644,83838.26,84297.30994522406,83379.21005477593,83845.68429977541,84008.87307388318,84267.30130916965
2025-03-21 16:30:00,83895.5,84049.9,83742.7,83798.2,1595.972,-68.6896833875071,-76.13328228415567,7.443598896648567,47.923333600490835,83827.945,84280.49185817249,83375.39814182752,83841.16198551108,84000.61122301604,84262.63363445154
2025-03-21 16:45:00,83798.2,84119.6,83787.1,84066.9,1150.199,-42.600979651339,-69.42682175759234,26.825842106253333,54.33980789675054,83830.98999999999,84289.36334771385,83372.61665228613,83862.66084403386,84003.2108317803,84260.68603609879
2025-03-21 17:00:00,84066.9,84076.3,83825.0,83865.0,1356.454,-37.781613697108696,-63.097780145495605,25.31616644838691,49.41318349505919,83816.485,84249.32278060085,83383.64721939915,83862.88362079253,83997.79070123918,84256.74886161025
2025-03-21 17:15:00,83864.9,83949.4,83712.7,83756.4,878.234,-42.23844533765805,-58.9259131839281,16.687467846270053,46.94758259892826,83793.02,84181.00989460482,83405.03010539518,83852.74232357419,83988.32423491165,84251.77026597234
2025-03-21 17:30:00,83756.4,84072.2,83670.0,84032.8,1070.09,-23.199912358701113,-51.780713018882714,28.580800660181602,53.33032888740684,83806.785,84208.751226782,83404.81877321801,83869.89067371,83990.0684116502,84249.59145735571
2025-03-21 17:45:00,84032.8,84116.9,83954.8,83976.8,1311.02,-12.4865328160231,-43.9218769783108,31.4353441622877,51.96619194992598,83834.19499999999,84200.78528312802,83467.60471687197,83880.07251430907,83989.54807344406,84246.87711449646
2025-03-21 18:00:00,83976.8,84029.1,83856.5,83912.1,941.706,-9.111816273536533,-36.959864837355944,27.84804856381941,50.36331940478732,83851.10500000001,84197.80122969381,83504.40877030621,83883.12275104153,83986.51084733568,84243.54599892933
2025-03-21 18:15:00,83912.1,84113.3,83897.8,84082.2,661.306,7.20526153848914,-28.126839562186927,35.33210110067607,54.34993375227337,83871.995,84221.65953381806,83522.33046618193,83902.08248903758,83990.26341863119,84241.94056610415
2025-03-21 18:30:00,84082.2,84405.9,84080.6,84264.6,2365.047,34.45761296262208,-15.609949057225123,50.0675620198472,58.22454297741595,83897.87000000001,84283.37301302627,83512.36698697375,83936.60796627212,84001.021868829,84242.1660331081
2025-03-21 18:45:00,84264.5,84278.7,84058.2,84070.3,1022.854,39.916775902675,-4.504604065245096,44.421379967920096,53.05832548484628,83906.68999999999,84299.80715623463,83513.57284376535,83949.34054091288,84003.73869538165,84240.45592332592
2025-03-21 19:00:00,84070.4,84073.7,83926.7,84028.5,1448.793,40.4045328978973,4.477223327383386,35.92730957051391,51.98958776959716,83922.31000000001,84308.30254369635,83536.31745630367,83956.87953701642,84004.7097396738,84238.34690916348
2025-03-21 19:15:00,84028.4,84167.2,83961.2,83975.6,1074.369,36.106285156012746,10.80303569310926,25.303249462903487,50.60047886078099,83918.76999999999,84301.25344222807,83536.2865577719,83958.66243825296,84003.56816686694,84235.73251205737
2025-03-21 19:30:00,83975.6,84019.0,83760.1,83834.4,1283.47,21.063426841588807,12.855113922805172,8.208312918783635,46.99135645005295,83908.25,84287.69997589962,83528.80002410038,83946.8279203241,83996.93404077066,84231.73915372844
2025-03-21 19:45:00,83834.4,83990.0,83823.6,83925.0,881.729,16.26502301087021,13.53709574041818,2.727927270452028,49.48123353060651,83894.495,84248.49053654591,83540.49946345408,83944.74907076942,83994.11306517401,84228.68702284557
2025-03-21 20:00:00,83925.0,83965.4,83778.0,83869.9,1082.27,7.924791828365414,12.414634958007628,-4.489843129642214,48.00443694009,83898.735,84249.227611379,83548.242388621,83937.620587839,83989.24191012686,84225.11700271776
2025-03-21 20:15:00,83870.0,84056.8,83822.3,84050.6,623.254,15.71492646142724,13.074693258691552,2.640233202735688,52.96253703121911,83915.9,84260.493417171,83571.30658282898,83948.38053185435,83991.64813557283,84223.38051512853
2025-03-21 20:30:00,84050.5,84105.3,84028.5,84097.8,455.562,25.404462979728123,15.540647202898867,9.863815776829256,54.19129279817187,83940.345,84261.82984764116,83618.86015235884,83962.61095739204,83995.81099674192,84222.13095776408
2025-03-21 20:45:00,84097.7,84199.0,84028.2,84170.7,507.154,38.52185525937239,20.136888814193572,18.384966445178815,56.098808830734534,83972.585,84244.58918940219,83700.58081059782,83982.42896144994,84002.6694570231,84221.61920694055
2025-03-21 21:00:00,84170.7,84300.0,84129.4,84299.9,657.405,58.666571655732696,27.842825382501402,30.823746273231293,59.33104332867832,83998.655,84291.48440947307,83705.82559052693,84012.66429845472,84014.32566777852,84222.39812030434
2025-03-21 21:15:00,84300.0,84406.0,84261.3,84311.7,1275.121,74.72221473915852,37.21870325383283,37.50351148532569,59.62343172837337,84019.47,84339.33126663674,83699.60873336326,84041.14388907808,84025.98751302528,84223.28669622171
2025-03-21 21:30:00,84311.7,84550.0,84311.7,84340.3,1748.932,88.73136855350458,47.52123631376718,41.2101322397374,60.367171295460146,84046.575,84379.11109143219,83714.0389085678,84069.63494726113,84038.31360129017,84224.4510077021
2025-03-21 21:45:00,84340.3,84372.2,84172.8,84356.3,781.153,99.97237090289127,58.011463231592,41.96090767129927,60.80217413772712,84061.04500000001,84421.3329110404,83700.75708895962,84096.93638085532,84050.78376149188,84225.76293797372
2025-03-21 22:00:00,84356.2,84377.4,84204.4,84229.9,508.089,97.55694686582137,65.92055995843789,31.636386907383482,55.60942651737402,84079.29000000001,84434.70104979382,83723.8789502062,84109.59958267862,84057.80798472276,84225.80410277
2025-03-21 22:15:00,84229.8,84352.8,84221.5,84232.7,297.474,94.7761223710113,71.69167244095257,23.084449930058724,55.6996834514141,84103.105,84430.11358173154,83776.09641826845,84121.32343194733,84064.66654861289,84225.87271866284
2025-03-21 22:30:00,84232.7,84232.8,84080.1,84080.1,797.215,79.34412457892904,73.22216286854787,6.121961710381171,49.76136734469395,84105.47,84431.01859997722,83779.92140002278,84117.39739080949,84065.27178653551,84224.42224385028
2025-03-21 22:45:00,84080.1,84168.4,84050.9,84129.7,655.621,70.30601662650588,72.63893362013947,-2.3329169936335887,51.56874189327331,84113.115,84433.07426895348,83793.15573104653,84118.56906787526,84067.79840133086,84223.47973396123
2025-03-21 23:00:00,84129.6,84189.1,84049.4,84184.2,594.564,66.77124809776433,71.46539651566444,-4.694148417900109,53.54630401105366,84126.72,84433.56139980021,83819.8786001998,84124.81963283951,84072.36320147908,84223.08889083723
2025-03-21 23:15:00,84184.2,84184.2,84075.6,84093.0,230.861,55.96570297656581,68.36545780784472,-12.399754831278912,49.876181202660774,84127.26,84433.80938230119,83820.7106176988,84121.7891916167,84073.17249307364,84221.79447401298
2025-03-21 23:30:00,84093.0,84093.0,84035.0,84035.0,469.662,42.23525363160297,63.13941697259637,-20.9041633409934,47.6398342710711,84115.78,84417.83726609331,83813.72273390669,84113.52355431987,84071.67552300314,84219.93582253027
2025-03-21 23:45:00,84035.0,84059.5,84000.4,84050.3,526.848,32.216978462281986,56.9549292705335,-24.73795080825151,48.2983984443717,84114.78,84417.60268982599,83811.95731017401,84107.50226343227,84070.83726205688,84218.24790389814
2025-03-22 00:00:00,84050.3,84104.8,83995.6,84035.0,683.035,22.780244600828155,50.11999233659243,-27.339747735764277,47.6529353298146,84115.10500000001,84417.55151880393,83812.6584811961,84100.59728596253,84069.431870948,84216.4245416703
2025-03-22 00:15:00,84034.9,84204.1,84030.9,84186.0,471.538,27.17277226287115,45.53054832184818,-18.35777605897703,54.16352218655401,84125.625,84422.22043862018,83829.02956137982,84108.73087777563,84074.00319601252,84216.1218099124
2025-03-22 00:30:00,84185.9,84212.4,84120.0,84127.7,317.267,25.653837841571658,41.55520622579288,-15.901368384221222,51.50026237479213,84140.29000000001,84403.36618188172,83877.2138181183,84110.53746084461,84076.10896448835,84215.2419909083
2025-03-22 00:45:00,84127.7,84189.5,84056.7,84153.9,281.603,26.261466567302705,38.49645829409485,-12.234991726792146,52.62758844635568,84151.735,84394.50793072853,83908.96206927147,84114.66722647846,84079.15960927849,84214.63162283956
2025-03-22 01:00:00,84153.9,84286.0,84153.9,84260.6,596.986,34.94993389814044,37.78715341490397,-2.8372195167635255,57.01011225759131,84171.26999999999,84378.88660110025,83963.65339889973,84128.56558586146,84086.27495445378,84215.08901962722
2025-03-22 01:15:00,84260.7,84268.6,84140.0,84140.1,364.489,31.746312190356548,36.57898516999449,-4.832672979637941,51.244405377509715,84175.745,84376.1429774554,83975.34702254459,84129.6641014937,84088.38575073892,84214.34286022795
2025-03-22 01:30:00,84140.1,84149.8,83940.2,83991.0,1047.899,16.98055373399984,32.65929888279556,-15.67874514879572,45.15862033376322,84170.405,84384.7543898922,83956.0556101078,84116.45799658954,84084.56668398477,84212.12054321075
2025-03-22 01:45:00,83990.9,84055.1,83965.1,84024.2,479.953,7.8668620232492685,27.7008115108863,-19.83394948763703,46.67716817790951,84163.07999999999,84387.17800111792,83938.98199888205,84107.67152072387,84082.19935249942,84210.25068705941
2025-03-22 02:00:00,84024.2,84145.6,83965.6,84126.4,442.367,8.789560972902109,23.918561403289463,-15.129000430387354,51.160385866557824,84154.405,84369.45221121747,83939.35778878252,84109.45518541684,84083.93271864306,84209.4163518648
2025-03-22 02:15:00,84126.5,84167.8,84067.0,84135.7,627.409,10.15418766021321,21.165686654674214,-11.011498994461004,51.559504436876544,84145.60500000001,84347.55577539834,83943.65422460168,84111.95469156762,84085.96281645537,84208.68285582634
2025-03-22 02:30:00,84135.8,84212.8,84135.7,84158.9,292.839,12.958334635550273,19.524216250849427,-6.565881615299155,52.600134903304614,84136.535,84316.79788726772,83956.27211273229,84116.42567332309,84088.8231094627,84208.18750402707
2025-03-22 02:45:00,84159.0,84196.0,84095.9,84138.4,281.651,13.372314919586643,18.29383598459687,-4.921521065010229,51.54638694024634,84125.63999999998,84273.38278359713,83977.89721640284,84118.51846633993,84090.76730862791,84207.49310100194
2025-03-22 03:00:00,84138.3,84170.5,84083.9,84095.9,419.701,10.15395400354464,16.665859588386425,-6.511905584841784,49.339576353815424,84118.94,84258.71364257134,83979.16635742866,84116.36432668852,84090.96859137654,84206.3827218875
2025-03-22 03:15:00,84095.8,84234.7,84095.8,84199.9,436.992,15.813027883865288,16.4952932474822,-0.68226536361691,54.475739619797224,84117.3,84252.13602517123,83982.46397482877,84124.32010509913,84095.24042629002,84206.3182171921
2025-03-22 03:30:00,84199.9,84200.0,84166.7,84200.0,223.387,20.07454698800575,17.21114399558691,2.863402992418841,54.48051841759141,84123.295,84261.77945057984,83984.81054942016,84131.52771413731,84099.34865869663,84206.25534935936
2025-03-22 03:45:00,84200.0,84253.0,84166.0,84214.1,584.343,24.309360565413954,18.630787309552318,5.678573255861636,55.19470047782295,84127.515,84271.84181152887,83983.18818847113,84139.39174136233,84103.84872585151,84206.33340558464
2025-03-22 04:00:00,84214.1,84280.0,84159.7,84274.9,493.911,32.20034715083602,21.34469927780906,10.855647873026964,58.23746035223355,84132.05,84289.02228048888,83975.07771951113,84152.29728980402,84110.55663980024,84207.01566025545
2025-03-22 04:15:00,84274.9,84316.8,84186.0,84200.1,413.091,32.04883695834724,23.4855268139167,8.563310144430538,53.430096880706294,84137.405,84296.06636696814,83978.74363303186,84156.84992887029,84114.06815460592,84206.94684771559
2025-03-22 04:30:00,84200.0,84250.0,84200.0,84249.9,126.989,35.537553052956355,25.895932061724633,9.641620991231722,56.03235382286186,84148.15,84306.71795322275,83989.58204677724,84165.71184040645,84119.39490892108,84207.3742422657
2025-03-22 04:45:00,84249.9,84350.2,84236.0,84318.9,356.418,43.370164773077704,29.390778603995248,13.979386169082456,59.41613792769118,84161.58,84330.41917729385,83992.74082270615,84180.30118893916,84127.21865954576,84208.48395129788
2025-03-22 05:00:00,84319.0,84337.5,84288.6,84337.5,392.132,50.49634016890195,33.61189091697659,16.88444925192536,60.303039094630414,84176.705,84351.87812308807,84001.53187691193,84195.27250427828,84135.46500845859,84209.76769307602
2025-03-22 05:15:00,84337.5,84389.0,84292.6,84299.9,492.869,52.50463895293069,37.39044052416741,15.114198428763281,57.56439629259201,84182.4,84366.0464910746,83998.7535089254,84205.23702768036,84141.91345590519,84210.6645319509
2025-03-22 05:30:00,84300.0,84315.0,84172.0,84266.0,856.23,50.77547544812842,40.06744750895962,10.708027939168801,55.133275578062296,84189.315,84374.69607863424,84003.93392136577,84211.02397742508,84146.77960678398,84211.21513362303
2025-03-22 05:45:00,84265.9,84300.4,84244.2,84281.0,276.472,50.03866101613676,42.06169021039505,7.976970805741708,56.01839103827131,84195.67,84384.61910592904,84006.72089407095,84217.68836052746,84152.04316397752,84211.90951040291
2025-03-22 06:00:00,84281.3,84357.4,84278.0,84324.0,285.66,52.32134303075145,44.113620774466334,8.207722256285116,58.5432257313373,84198.84,84394.38786087949,84003.2921391205,84227.81327857246,84158.78658452767,84213.02483865761
2025-03-22 06:15:00,84324.0,84339.9,84249.0,84249.1,277.045,47.53858571425371,44.79861376242381,2.739971951829901,52.8518166638241,84204.29,84399.01880899457,84009.56119100541,84229.84058537507,84162.32829477337,84213.3837954869
2025-03-22 06:30:00,84249.1,84255.0,84110.6,84241.0,730.066,42.60350706784811,44.35959242350868,-1.7560853556605664,52.260116875001316,84216.79,84384.02555275444,84049.55444724555,84230.90338676792,84165.41346611035,84213.6585835915
2025-03-22 06:45:00,84241.0,84308.4,84241.0,84280.8,282.564,41.42641118168831,43.77295617514461,-2.3465449934562983,54.93011340146399,84229.62,84372.19844525895,84087.04155474104,84235.65544517098,84169.93843727915,84214.32665738661
2025-03-22 07:00:00,84280.8,84342.2,84280.8,84323.0,356.707,43.39847097247548,43.69805913461079,-0.2995881621353078,57.63559461339988,84239.45,84379.14424506793,84099.75575493206,84243.97397420232,84175.94086304466,84215.40798417879
2025-03-22 07:15:00,84322.9,84322.9,84256.2,84261.1,279.83,39.51107085449621,42.86066147858788,-3.349590624091668,52.643679676013605,84245.72,84376.79827472585,84114.64172527415,84245.6050242783,84179.28044321226,84215.86263110238
2025-03-22 07:30:00,84261.1,84327.1,84261.1,84270.4,236.137,36.75699872952828,41.63992892877596,-4.8829301992476815,53.29814629493958,84251.295,84376.1629045183,84126.42709548169,84247.96645053751,84182.85376550701,84216.40529148943
2025-03-22 07:45:00,84270.3,84270.4,84173.0,84235.4,537.475,31.388343945276574,39.58961193207608,-8.201267986799508,50.47116669872925,84256.145,84369.559831945,84142.73016805502,84246.76964572442,84184.9144056678,84216.59429356417
2025-03-22 08:00:00,84235.4,84243.1,84187.0,84213.1,431.637,25.045513627759647,36.680792271212795,-11.635278643453148,48.69881279812876,84262.00499999999,84349.7684494108,84174.24155058918,84243.56301279827,84186.01972490358,84216.55952447398
2025-03-22 08:15:00,84213.5,84227.5,84130.0,84160.1,394.969,15.562720488655032,32.45717791470124,-16.89445742604621,44.68273141813309,84260.015,84355.19892776679,84164.83107223321,84235.61415443652,84185.00326350336,84215.9977381608
2025-03-22 08:30:00,84160.2,84220.0,84073.7,84199.2,523.107,11.07491708350426,28.180725748461843,-17.105808664957582,48.0842204979666,84259.975,84355.26573241434,84164.68426758568,84232.14613972828,84185.55999910996,84215.83059648756
2025-03-22 08:45:00,84199.3,84199.3,84127.9,84175.1,253.793,5.510114790755324,23.64660355692054,-18.136488766165215,46.19856726893389,84258.025,84358.71183863113,84157.33816136885,84226.71317403988,84185.14980247036,84215.42531692052
2025-03-22 09:00:00,84175.1,84280.0,84175.1,84277.2,451.178,9.232162968313787,20.76371543919919,-11.531552470885401,54.36369696131947,84258.14,84358.913208636,84157.366791364,84231.52144317894,84188.75961917802,84216.039990384
2025-03-22 09:15:00,84277.2,84367.1,84277.2,84295.4,808.993,13.494939597832854,19.309960270925924,-5.81502067309307,55.65562439278762,84262.905,84361.10238392839,84164.70761607161,84237.60511525713,84192.94160050621,84216.82964222098
2025-03-22 09:30:00,84295.5,84509.0,84295.4,84438.5,1811.599,28.096317987292423,21.067231814199225,7.029086173093198,64.22995269246886,84272.33499999999,84397.73031217573,84146.93968782426,84256.73796142312,84202.57135407355,84219.03531742278
2025-03-22 09:45:00,84438.6,84479.7,84315.6,84315.7,866.271,29.41994700486248,22.737774852331878,6.682172152530601,54.492569384830816,84272.175,84397.32807469305,84147.02192530695,84262.35339366853,84207.00777705424,84219.99715506037
2025-03-22 10:00:00,84315.8,84379.1,84314.1,84320.0,421.188,30.46472817810718,24.283165517486943,6.181562660620237,54.75125126585559,84271.3,84394.76335488663,84147.83664511338,84267.84354665247,84211.43884989234,84220.99220824384
2025-03-22 10:15:00,84319.9,84385.0,84319.9,84340.2,332.287,32.5475085482758,25.936034123644717,6.6114744246310835,56.01611822218443,84273.315,84400.01667655547,84146.61332344453,84274.73463744747,84216.488312531,84222.1783554255
2025-03-22 10:30:00,84340.3,84387.0,84306.2,84361.7,347.159,35.52350446739001,27.85352819239378,7.66997627499623,57.3816648288761,84278.1,84410.72826562228,84145.47173437773,84283.01705292866,84222.18289476402,84223.56663049589
2025-03-22 10:45:00,84361.7,84400.0,84322.7,84375.8,433.619,38.575085264776135,29.99783960687025,8.577245657905884,58.29610423876261,84282.84,84422.49464772592,84143.18535227407,84291.85352407831,84228.20710132574,84225.08139039145
2025-03-22 11:00:00,84375.8,84385.8,84226.0,84269.1,761.781,32.0146418978984,30.401200065075887,1.613441832822513,49.6196523756277,84280.095,84418.49578300615,84141.69421699386,84289.68652178514,84229.81074603673,84225.51938650697
2025-03-22 11:15:00,84269.1,84295.0,84230.1,84294.9,346.05,28.567973825294757,30.034554817119663,-1.4665809918249053,51.499359020698705,84282.385,84420.14054664495,84144.62945335504,84290.1830435199,84232.36326828618,84226.2097408701
2025-03-22 11:30:00,84295.0,84303.9,84201.8,84215.7,369.192,19.2240831835079,27.872460490397316,-8.648377306889415,45.844679261774026,84281.12000000001,84420.92510644947,84141.31489355055,84283.08942032752,84231.70980617325,84226.10516633408
2025-03-22 11:45:00,84215.7,84220.3,84157.3,84190.8,594.345,9.697968484877492,24.237562089293352,-14.53959360441586,44.20143761081149,84276.62000000001,84422.1452352863,84131.09476471372,84274.29995172491,84230.10549860635,84225.75387114668
2025-03-22 12:00:00,84190.8,84257.2,84159.7,84257.2,437.633,7.420836245379178,20.87421692051052,-13.453380675131342,49.409051027503125,84273.33,84417.40828427582,84129.25171572418,84272.67138489395,84231.16802899064,84226.0667679512
2025-03-22 12:15:00,84257.2,84257.2,84177.0,84177.1,278.117,-0.8375532441859832,16.53186288757122,-17.369416131757202,44.06622870667171,84269.13,84419.47063918094,84118.78936081906,84263.56934823739,84229.04771236844,84225.5795364293
2025-03-22 12:30:00,84177.0,84201.8,84141.0,84188.0,556.436,-6.428740983945318,11.93974211326791,-18.36848309721323,44.938775545041956,84265.01000000001,84419.65862583787,84110.36137416215,84256.37226745288,84227.43799687429,84225.20561069368
2025-03-22 12:45:00,84188.0,84218.3,84160.0,84194.4,273.826,-10.225497862847988,7.50669411804473,-17.73219198089272,45.476594102231694,84262.95999999999,84420.32441649496,84105.59558350503,84250.47014674309,84226.14238816108,84224.89908720419
2025-03-22 13:00:00,84194.4,84210.0,84141.6,84187.5,370.308,-13.63406239345204,3.2785428157453747,-16.912605209197416,44.966636440174014,84261.68000000001,84421.15435497469,84102.20564502533,84244.4729899104,84224.62699927457,84224.52695698326
2025-03-22 13:15:00,84187.4,84201.4,84028.2,84056.0,882.788,-26.639244719219278,-2.7050146912475577,-23.93423002797172,36.55383745971448,84256.475,84435.50528705797,84077.44471294204,84226.5231813475,84218.01417109671,84222.85007183916
2025-03-22 13:30:00,84056.0,84110.0,84010.0,84106.3,815.628,-32.51237338221108,-8.666486429440265,-23.845886952770815,41.09366181810883,84251.83,84441.6148321815,84062.0451678185,84215.0733545525,84213.63322023368,84221.6903696318
2025-03-22 13:45:00,84106.2,84150.0,84086.8,84140.0,419.354,-34.05499699701613,-13.744188542955442,-20.31080845406069,43.985542845012134,84250.075,84443.4623655587,84056.68763444129,84207.92351126179,84210.74564108442,84220.87753013297
2025-03-22 14:00:00,84140.1,84145.6,84077.8,84143.9,363.65,-34.56440299724636,-17.908231433813626,-16.656171563432736,44.326177496972875,84243.41,84441.97994949373,84044.84005050627,84201.82603399876,84208.12424175054,84220.1115845595
2025-03-22 14:15:00,84143.9,84175.5,84058.8,84087.5,392.148,-39.06875923107145,-22.140336993265194,-16.92842223780626,40.4913153294609,84233.015,84441.63778499933,84024.39221500067,84190.93784028459,84203.39387647815,84218.79206630518
2025-03-22 14:30:00,84087.5,84090.0,84019.0,84050.0,511.235,-45.1440382264409,-26.74107723990034,-18.40296098654056,38.12928747509448,84213.59,84413.83209452775,84013.34790547224,84177.51518882891,84197.37842685865,84217.11254325736
2025-03-22 14:45:00,84050.0,84050.0,83964.3,83970.6,1172.907,-55.723313356997096,-32.53752446331969,-23.185788893677405,33.65297394881405,84196.335,84417.87185472128,83974.79814527874,84157.80898036901,84188.48515026961,84214.65968213043
2025-03-22 15:00:00,83970.6,84050.0,83932.0,84025.8,1130.842,-58.973476911050966,-37.824714952865946,-21.14876195818502,39.01340203560051,84181.625,84407.6127581682,83955.6372418318,84145.23669652434,84182.10533704508,84212.78048131321
2025-03-22 15:15:00,84025.9,84025.9,83970.7,83977.2,486.449,-64.72476200996607,-43.20472436428597,-21.520037645680098,36.23741699284159,84163.475,84394.09878454913,83932.85121545088,84129.23320161726,84174.06982950498,84210.43639692204
2025-03-22 15:30:00,83977.3,84039.6,83945.2,84000.4,493.691,-66.64243823263678,-47.89226713795614,-18.75017109468064,38.48752267079695,84145.41,84367.0846017305,83923.7353982695,84116.9633728918,84167.25924459539,84208.34648252482
2025-03-22 15:45:00,84000.5,84104.8,84000.4,84073.5,392.133,-61.554094096747576,-50.62463252971443,-10.929461567033144,45.06555265613623,84130.295,84325.46589380642,83935.12410619357,84112.82400404496,84163.58240973098,84207.0047264798
2025-03-22 16:00:00,84073.4,84079.8,84021.1,84072.1,470.363,-56.97770944221702,-51.895247912214955,-5.082461530002064,44.9663745418738,84120.445,84305.7554646681,83935.13453533192,84108.94552746924,84159.99486261733,84205.66239089295
2025-03-22 16:15:00,84072.2,84112.3,84050.1,84099.6,389.181,-50.54917206965911,-51.626032743703796,1.0768606740446884,47.41446134961129,84110.68,84276.88071061889,83944.4792893811,84108.05547723407,84157.6264355959,84204.60704371988
2025-03-22 16:30:00,84099.6,84121.4,84054.7,84083.8,298.567,-46.19690863449068,-50.54020792186118,4.343299287370499,46.144394109160345,84104.08499999999,84263.04952136349,83945.1204786365,84105.74543178322,84154.73128004155,84203.40498358337
2025-03-22 16:45:00,84083.8,84130.0,84052.0,84097.9,468.491,-41.13576880769688,-48.65932009902833,7.523551291331451,47.49601491993532,84099.43999999999,84253.07552768844,83945.80447231153,84104.99824780387,84152.50260149257,84202.35518275171
2025-03-22 17:00:00,84097.9,84121.1,84084.2,84114.3,256.904,-35.39344251823786,-46.00614458287024,10.61270206463238,49.09624772485999,84092.295,84227.186761286,83957.403238714,84105.88412896542,84151.0044596761,84201.47901177905
2025-03-22 17:15:00,84114.2,84162.6,84084.2,84144.1,614.085,-28.11391687815194,-42.42769904192659,14.313782163774647,51.96134169150325,84090.64499999999,84221.92806861488,83959.3619313851,84109.52373573062,84150.73369645058,84200.90807633847
2025-03-22 17:30:00,84144.0,84190.4,84114.4,84190.4,459.373,-18.396751013351604,-37.62150943621159,19.224758422859985,56.09602565468518,84090.76499999998,84222.42659612586,83959.1034038741,84117.2262370896,84152.28923832354,84200.80351836495
2025-03-22 17:45:00,84190.4,84231.4,84147.5,84201.8,550.251,-9.66453558068315,-32.0301146651059,22.36557908442275,57.075659156300745,84091.135,84224.05840928716,83958.21159071283,84125.28088117631,84154.23083748898,84200.8134336051
2025-03-22 18:00:00,84201.8,84231.4,84165.5,84214.3,630.877,-1.7157680983364116,-25.967245351752,24.251477253415587,58.177600763165366,84092.475,84229.9511204133,83954.99887958671,84133.75889249286,84156.58649169985,84200.9476282956
2025-03-22 18:15:00,84214.2,84292.0,84160.0,84160.0,585.416,0.19982771374634467,-20.73383073865233,20.933658452398674,51.939822820032724,84097.675,84237.19439876328,83958.15560123672,84136.25804558878,84156.72035481298,84200.5401892081
2025-03-22 18:30:00,84160.0,84287.2,84155.5,84280.8,381.9,11.334840640993207,-14.320096462723221,25.654937103716428,61.76223925826658,84106.4,84268.23146528902,83944.56853471097,84150.0239460089,84161.58622473718,84201.3387942906
2025-03-22 18:45:00,84280.7,84291.4,84202.6,84205.7,278.943,13.93879845419724,-8.668317479339128,22.60711593353637,54.328333594972364,84109.685,84276.96381893073,83942.40618106927,84155.32642734138,84163.3161772157,84201.38218937229
2025-03-22 19:00:00,84205.6,84216.2,84165.5,84197.6,527.341,15.173935789847746,-3.899866825501752,19.0738026153495,53.57926680379517,84112.37000000001,84283.63751128208,83941.10248871794,84159.3524818803,84164.6606412332,84201.3445556472
2025-03-22 19:15:00,84197.5,84205.5,84165.0,84180.2,143.998,14.58067944837967,-0.20375757072546682,14.784437019105136,51.92310143979989,84117.005,84290.44231735801,83943.567682642,84161.33795979645,84165.2700280165,84201.13416205868
2025-03-22 19:30:00,84180.3,84238.9,84165.9,84175.0,154.161,13.534901067454484,2.543974156910524,10.99092691054396,51.411646680182855,84123.255,84295.53072117099,83950.97927882902,84162.6391064825,84165.65159564452,84200.87412064517
2025-03-22 19:45:00,84174.9,84177.4,84115.5,84134.6,243.304,9.338523121521575,3.9028839498327352,5.43563917168884,47.49714229006476,84131.45499999999,84288.0337170445,83974.87628295548,84159.96871538892,84164.43388570705,84200.21467665865
2025-03-22 20:00:00,84134.5,84171.6,84115.6,84171.6,309.695,8.895907658225042,4.901488691511197,3.9944189667138446,51.16452103851248,84138.745,84288.01762906912,83989.47237093087,84161.07645678046,84164.71490986446,84199.92995350783
2025-03-22 20:15:00,84171.6,84171.6,84104.5,84127.2,228.223,4.905870954418788,4.902365144092716,0.0035058103260716678,46.92834508953496,84146.245,84275.00631283873,84017.48368716126,84157.85012756327,84163.24373658917,84199.2062723784
2025-03-22 20:30:00,84127.2,84167.3,84112.3,84114.2,204.268,0.6868294234591303,4.059257999965999,-3.3724285765068682,45.734376489890536,84151.935,84262.30386050047,84041.56613949953,84153.69297255724,84161.32045237502,84198.3604388224
2025-03-22 20:45:00,84114.2,84120.6,83893.7,83895.9,1711.409,-20.040759575698758,-0.7607455151669543,-19.280014060531805,31.322758653707254,84143.05500000001,84299.11564239585,83986.99435760417,84129.14126088512,84150.91180496696,84195.35088221722
2025-03-22 21:00:00,83895.9,84044.5,83782.4,84021.5,4261.039,-26.032565662506386,-5.815109544634843,-20.217456117871542,42.54151535537442,84140.525,84302.9402426725,83978.10975732749,84118.8897122294,84145.83683118467,84193.62102269268
2025-03-22 21:15:00,84021.5,84083.8,83975.7,83996.3,628.189,-32.44058962610143,-11.14020556092816,-21.30038406517327,41.091155319044006,84135.36000000002,84309.40858849652,83961.31141150351,84107.21450154089,84139.9726405735,84191.65762943205
2025-03-22 21:30:00,83996.2,84007.2,83926.0,83931.2,242.234,-42.2845902856061,-17.369082505863755,-24.915507779742345,37.53138040590954,84127.73000000001,84323.33963381652,83932.1203661835,84090.45121567984,84131.78547665154,84189.06601122876
2025-03-22 21:45:00,83931.3,84020.1,83930.1,83977.7,342.653,-45.80584903266572,-23.05643581122415,-22.749413221441568,41.43416998238036,84121.72,84328.26890181703,83915.17109818297,84079.71300466271,84125.74290784306,84186.96286683842
2025-03-22 22:00:00,83977.6,84014.0,83933.3,84007.8,499.224,-45.64152640962857,-27.573453930905043,-18.068072478723526,43.87839689345396,84116.395,84329.14750236571,83903.6424976343,84072.8641470758,84121.11769496427,84185.1801517455
2025-03-22 22:15:00,84007.9,84035.0,83968.4,83968.4,290.025,-48.135672201693524,-31.68589758506274,-16.449774616630783,41.44038717391035,84107.61,84329.84442245975,83885.37557754025,84062.91518068763,84115.12876474664,84183.02313531023
2025-03-22 22:30:00,83968.4,83995.4,83950.0,83985.3,204.744,-48.19307221312192,-34.987332510674584,-13.205739702447339,42.905773189397635,84097.35500000001,84322.41448196143,83872.29551803859,84055.52325871738,84110.03743981941,84181.05574092903
2025-03-22 22:45:00,83985.2,83985.2,83914.3,83919.2,170.196,-52.9617694048502,-38.58221988950971,-14.379549515340493,38.81459544471362,84083.225,84316.02634630578,83850.42365369423,84042.54009122048,84102.55361749265,84178.45021116854
2025-03-22 23:00:00,83919.2,83919.2,83800.0,83826.7,656.104,-63.47329262451967,-43.560434436511706,-19.912858188007966,33.93773403492686,84063.845,84314.54757047298,83813.14242952703,84021.98389205661,84091.735826964,84174.95020906736
2025-03-22 23:15:00,83826.7,83899.8,83826.7,83864.1,361.874,-68.00199836502725,-48.44874722221482,-19.553251142812428,37.36447012568701,84049.05,84310.5518929179,83787.54810708211,84006.94733090837,84082.80893051453,84171.85717216122
2025-03-22 23:30:00,83864.2,83864.2,83589.5,83734.5,2992.702,-81.11363963334588,-54.98172570444104,-26.131913928904844,31.30471552813006,84021.735,84295.16615962202,83748.30384037798,83980.99996605996,84069.14975489535,84167.50535950292
2025-03-22 23:45:00,83734.6,83809.2,83694.5,83804.9,593.55,-84.84596667108417,-60.95457389776967,-23.8913927733145,37.25737744889383,84001.69499999999,84277.09866908767,83726.29133091231,83964.22854072091,84058.78701804363,84163.89734597552
2025-03-23 00:00:00,83804.9,83880.0,83761.2,83854.6,800.295,-82.83857655340398,-65.33137442889654,-17.507202124507444,41.13537127604057,83984.545,84251.161155983,83717.92884401699,83953.78772731892,84050.77968298885,84160.81976044344
2025-03-23 00:15:00,83854.6,84004.5,83842.9,83927.2,685.861,-74.53035265432845,-67.17117007398292,-7.359182580345532,46.35170409131818,83971.89499999999,84222.97978312185,83720.81021687813,83951.25556281235,84045.93342032132,84158.49518571266
2025-03-23 00:30:00,83927.3,84009.9,83910.3,83985.0,366.662,-62.56088546670799,-66.24911315252794,3.688227685819953,50.13996079394959,83962.39499999999,84194.80663549904,83729.98336450093,83954.46931873498,84043.54387414709,84156.76886545682
2025-03-23 00:45:00,83985.0,83985.1,83910.3,83959.8,233.399,-54.48040963060339,-63.89537244814303,9.414962817539639,48.53094752662225,83953.655,84171.48954343914,83735.82045656086,83954.97700266498,84040.25980028234,84154.8089762483
2025-03-23 01:00:00,83959.8,84016.8,83928.0,83998.9,309.187,-44.409604805958224,-59.99821891970607,15.588614113747845,51.15032571845234,83945.01999999999,84138.84699393656,83751.19300606342,83959.16014526831,84038.63784715509,84153.25764315132
2025-03-23 01:15:00,83998.9,84095.0,83998.9,84073.1,652.813,-30.094192424221546,-54.01741362060917,23.923221196387622,55.75239962254161,83942.315,84126.71781165672,83757.91218834328,83970.01156000466,84039.98930426949,84152.46005466224
2025-03-23 01:30:00,84073.0,84081.6,84010.2,84039.9,306.364,-21.183892781235045,-47.450709452734344,26.2668166714993,53.33140511428193,83938.6,84111.02740043447,83766.17259956554,83976.66760190898,84039.98580214092,84151.34005411834
2025-03-23 01:45:00,84040.0,84054.4,83982.8,84023.2,291.895,-15.293670636106981,-41.01930168940888,25.725631053301896,52.10572055057538,83944.965,84120.13219561776,83769.79780438224,83981.09925887002,84039.32753532729,84150.06502870422
2025-03-23 02:00:00,84023.3,84042.1,83942.8,83975.2,291.445,-14.333597210308653,-35.682160793588835,21.348563583280182,48.64517247048904,83942.65,84114.7553594063,83770.54464059368,83980.53742469192,84036.81272978913,84148.32507816986
2025-03-23 02:15:00,83975.3,84075.0,83971.1,84070.2,285.547,-5.839709515334107,-29.71367053793789,23.873961022603783,55.01328609525925,83946.345,84126.29460083769,83766.39539916231,83989.0767175784,84038.12203461894,84147.54771420796
2025-03-23 02:30:00,84070.2,84223.0,84066.4,84178.5,977.628,9.520911436746246,-21.866754143001064,31.38766557974731,60.95705163694001,83958.70999999999,84166.16197947724,83751.25802052274,84007.11703018998,84043.62705333637,84147.85569715117
2025-03-23 02:45:00,84178.4,84241.5,84178.4,84191.4,585.8,22.476145385677228,-12.998174237265404,35.47431962294263,61.607731122316174,83969.39499999999,84201.51256073068,83737.2774392693,84024.66778921951,84049.42207132511,84148.28897379643
2025-03-23 03:00:00,84191.4,84200.0,84089.9,84129.1,485.707,27.400318475163658,-4.918475694779591,32.318794169943246,56.69365390958305,83975.45999999999,84217.91161340292,83733.00838659707,84034.61371405574,84052.54669622383,84148.09803873378
2025-03-23 03:15:00,84129.0,84195.6,84128.8,84133.6,248.312,31.3050088618038,2.326221216537089,28.97878764526671,56.96069687520559,83983.72,84236.20745336125,83731.23254663876,84044.04097938376,84055.72525739546,84147.9537796419
2025-03-23 03:30:00,84133.5,84175.0,84111.3,84155.3,207.949,35.738541115031694,9.008685196236014,26.72985591879568,58.2961768306155,83992.22,84256.11961887372,83728.32038112628,84054.6370765853,84059.6301495447,84148.02687636188
2025-03-23 03:45:00,84155.2,84207.6,84155.2,84195.1,337.322,41.979758223795216,15.602899801747856,26.37685842204736,60.70454295134926,84006.015,84282.39255469004,83729.63744530996,84068.0144978629,84064.94269306892,84148.49526565181
2025-03-23 04:00:00,84195.1,84197.5,84026.7,84048.3,718.528,34.68065757425211,19.41845135624871,15.2622062180034,49.37777884564265,84017.095,84280.67578737515,83753.51421262485,84066.13692663786,84064.2900383952,84147.49829783439
2025-03-23 04:15:00,84048.4,84073.6,84025.2,84058.9,344.346,29.412351850856794,21.417231455170327,7.995120395686467,50.101771701948465,84026.83499999999,84280.83387504857,83772.83612495141,84065.4476955295,84064.07866432692,84146.61672273156
2025-03-23 04:30:00,84058.9,84087.6,84031.0,84031.2,202.725,22.739891790042748,21.681763522144813,1.058128267897935,48.1632637782755,84041.67,84255.2145433619,83828.1254566381,84062.18601024097,84062.78930486209,84145.46829762976
2025-03-23 04:45:00,84031.3,84065.0,84025.5,84065.0,255.366,19.949333146505523,21.335277447016956,-1.385944300511433,50.67131086648909,84054.675,84236.8881184245,83872.46188157551,84062.45400926564,84062.8759987942,84144.66761805136
2025-03-23 05:00:00,84064.9,84106.3,84064.9,84068.7,237.317,17.830811894193175,20.6343843364522,-2.803572442259025,50.95107833153688,84065.38,84221.37085803068,83909.38914196932,84063.04886552606,84063.10439101134,84143.91172135434
2025-03-23 05:15:00,84068.7,84094.5,84052.4,84082.9,252.932,17.100565193453804,19.927620507852524,-2.82705531439872,52.07448178444232,84073.16500000001,84215.02005241062,83931.3099475894,84064.93944976167,84063.88068944549,84143.30463954982
2025-03-23 05:30:00,84082.9,84150.2,84082.8,84144.6,254.612,21.255493673554156,20.193195140992852,1.0622985325613037,56.71363687783594,84081.14499999999,84220.04280377827,83942.24719622171,84072.52616883199,84067.04615277071,84143.31752870855
2025-03-23 05:45:00,84144.5,84200.0,84140.3,84182.8,465.755,27.315845118981088,21.6177251365905,5.698119982390587,59.33799867258064,84092.295,84225.87921707798,83958.71078292202,84083.02843846705,84071.58551955773,84143.71038911941
2025-03-23 06:00:00,84182.8,84183.9,84151.1,84159.7,216.214,29.909956990813953,23.276171507435194,6.633785483378759,57.084166505384694,84100.335,84229.53537925532,83971.13462074469,84090.33049194638,84075.0409895465,84143.86948972518
2025-03-23 06:15:00,84159.6,84224.6,84159.6,84200.0,322.694,34.81634142609255,25.584205491166667,9.232135934925882,59.9427295856117,84106.68000000001,84242.54114583314,83970.81885416688,84100.77520699911,84079.94134312586,84144.42800226524
2025-03-23 06:30:00,84200.0,84208.0,84178.1,84207.9,206.92,38.89380682213232,28.2461257573598,10.64768106477252,60.49819105831897,84115.08,84254.28935540155,83975.87064459846,84110.97756823729,84084.95932989448,84145.05956443175
2025-03-23 06:45:00,84208.0,84249.6,84190.6,84190.6,328.401,40.265110972031835,30.64992280029421,9.615188171737625,58.582420066983936,84123.45,84259.49303498585,83987.40696501415,84118.5606569766,84089.10210144927,84145.51270309412
2025-03-23 07:00:00,84190.6,84190.6,84166.5,84183.4,190.015,40.30627392741735,32.58119302571884,7.725080901698512,57.76259912639588,84133.86,84252.94439112779,84014.77560887221,84124.73583250263,84092.80005840793,84145.88969112304
2025-03-23 07:15:00,84183.4,84228.5,84183.3,84225.9,222.119,43.26950673942338,34.71885576845975,8.55065097096363,61.21306895124445,84141.64499999999,84263.53090825578,84019.7590917442,84134.37051512142,84098.0196641677,84146.68581359944
2025-03-23 07:30:00,84226.0,84273.0,84225.9,84273.0,439.401,48.85529305379896,37.546143225527594,11.309149828271366,64.65878282461895,84146.37,84280.93844237774,84011.80155762225,84147.5733232051,84104.88163838357,84147.94267117558
2025-03-23 07:45:00,84272.9,84282.4,84221.0,84229.9,408.797,49.236689248209586,39.884252430063995,9.352436818145591,59.45385337207964,84148.29500000001,84286.624590775,84009.96540922503,84155.41395909034,84109.78431941089,84148.75816698477
2025-03-23 08:00:00,84229.9,84270.1,84216.8,84249.9,399.458,50.569843654113356,42.02137067487387,8.548472979239484,61.02185287944835,84154.33499999999,84299.51518242236,84009.15481757763,84164.41262965316,84115.2790521764,84149.76455338293
2025-03-23 08:15:00,84249.8,84287.3,84247.8,84255.8,755.606,51.50869860284729,43.91883626046856,7.58986234237873,61.49491817097165,84160.445,84312.09256197317,84008.79743802684,84173.11618873382,84120.78967776759,84150.81963245374
2025-03-23 08:30:00,84255.9,84314.3,84244.8,84289.9,904.013,54.37750292332203,46.01056959303926,8.36693333028277,64.19936053034836,84167.175,84329.43660650983,84004.91339349018,84184.23845647347,84127.4214553255,84152.20351670794
2025-03-23 08:45:00,84289.9,84310.0,84262.6,84298.6,702.779,56.699472086984315,48.14835009182828,8.551121995156038,64.8771563812559,84172.35,84344.65270181403,84000.04729818598,84195.13003204743,84134.13433963993,84153.66019813373
2025-03-23 09:00:00,84298.6,84324.1,84277.4,84277.4,468.54,56.18136277546,49.754952628554626,6.426410146905376,61.806416847801984,84183.805,84351.79109560193,84015.81890439805,84202.96526709053,84139.75260099903,84154.89143994336
2025-03-23 09:15:00,84277.4,84299.9,84250.1,84294.3,480.496,56.483341374390875,51.100630377721885,5.38271099666899,63.29776556866408,84195.575,84359.6539524326,84031.49604756739,84211.66381308192,84145.81328348743,84156.27858979466
2025-03-23 09:30:00,84294.3,84307.8,84294.3,84297.9,290.807,56.36342897899158,52.15319009797583,4.210238881015748,63.6236089409238,84208.91,84359.53945682361,84058.2805431764,84219.8767832646,84151.77746861383,84157.68775805541
2025-03-23 09:45:00,84297.9,84298.0,84275.6,84275.6,237.543,53.84824486315483,52.49220105101164,1.3560438121431915,60.06620156154483,84219.44,84356.54826148794,84082.33173851206,84225.183756287,84156.63325428755,84158.86101419416
2025-03-23 10:00:00,84275.7,84278.4,84263.3,84271.7,283.295,50.95289269420027,52.184339379649366,-1.231446685449093,59.44025052908341,84229.59,84348.5697134404,84110.61028655959,84229.61387473585,84161.14567580336,84159.98379017232
2025-03-23 10:15:00,84271.7,84311.0,84271.7,84302.3,413.317,50.54482028042548,51.85643555980459,-1.3116152793791045,62.7226867547457,84240.56,84341.71520955885,84139.40479044114,84236.53636285625,84166.68113963328,84161.39987186216
2025-03-23 10:30:00,84302.2,84472.9,84294.8,84470.8,1247.917,63.09069152000302,54.10328675184428,8.98740476815874,74.81117710432001,84256.87000000001,84392.27240377197,84121.46759622805,84258.84718544137,84178.60736973296,84164.47848010233
2025-03-23 10:45:00,84470.8,84470.9,84394.1,84427.7,1130.945,68.76291894107999,57.03521318969142,11.72770575138857,68.67642273544101,84269.115,84419.7510727745,84118.47892722551,84274.92840587551,84188.37570839623,84167.09759970331
2025-03-23 11:00:00,84427.8,84837.2,84427.7,84650.0,4763.839,90.15668208932038,63.659506969617226,26.497175119703158,78.47899596371465,84293.63,84513.13439966794,84074.12560033207,84310.64951007784,84206.4786221867,84171.90259871124
2025-03-23 11:15:00,84650.0,85024.8,84643.0,84876.8,4361.12,123.98305854918726,75.72421728553125,48.25884126365601,83.98544748383725,84327.47,84663.7916261415,83991.14837385851,84364.56860435614,84232.76573559215,84178.91650320168
2025-03-23 11:30:00,84876.8,84884.2,84704.1,84744.0,1739.716,138.47856080633937,88.27508598969288,50.20347481664649,72.31754770862061,84354.275,84733.22457795401,83975.32542204598,84400.7049277508,84252.814138521,84184.53922456285
2025-03-23 11:45:00,84743.9,84833.0,84553.6,84651.5,1881.357,140.87841515817854,98.79575182339002,42.08266333478852,65.49245918576776,84377.31999999999,84770.16253494642,83984.47746505357,84424.59017272692,84268.44887848884,84189.18560043785
2025-03-23 12:00:00,84651.4,84721.9,84594.8,84607.1,921.863,137.61131056022714,106.55886357075745,31.052446989469686,62.44600147683037,84398.50499999999,84793.0100915554,84003.99990844457,84441.97206103864,84281.72931487298,84193.34395267231
2025-03-23 12:15:00,84607.2,84674.5,84529.0,84672.3,864.226,138.68453276343644,112.98399740929325,25.700535354143184,65.0192530297244,84420.825,84824.61502816081,84017.03497183918,84463.90805522545,84297.04581260204,84198.10968448651
2025-03-23 12:30:00,84672.3,84788.0,84672.2,84695.0,786.47,139.7557520649425,118.33834834042311,21.41740372451939,65.89544917363749,84441.925,84857.13219938493,84026.71780061508,84485.91681187064,84312.651859434,84203.05386673042
2025-03-23 12:45:00,84695.0,84782.9,84664.3,84686.4,579.638,138.31632841724786,122.33394435578806,15.982384061459797,65.22884318277984,84464.75,84881.06962670403,84048.43037329597,84505.01044883535,84327.30864950134,84207.86328099182
2025-03-23 13:00:00,84686.4,84717.0,84609.0,84709.8,773.052,137.478987058872,125.36295289640486,12.116034162467145,66.2298764907476,84487.745,84904.90159800992,84070.58840199007,84524.51421561294,84342.30831054242,84212.85767620584
2025-03-23 13:15:00,84710.0,84955.9,84709.9,84920.1,1644.002,152.03230665490264,130.6968236481044,21.335483006798228,73.58895017964518,84520.95999999999,84965.25977267615,84076.66022732384,84562.18905222123,84364.96680851247,84219.89491325853
2025-03-23 13:30:00,84920.1,84999.9,84817.8,84817.8,1341.925,153.54123446770245,135.265705812024,18.275528655678443,66.04885480908905,84547.35500000001,84996.55363370944,84098.15636629058,84586.53295200969,84382.72497314375,84225.84421760422
2025-03-23 13:45:00,84817.8,85075.0,84811.6,85036.7,1390.627,170.4357934724103,142.29972334410127,28.13607012830903,72.53393664012033,84584.26,85067.40585527956,84101.11414472043,84629.40600419923,84408.37105298799,84233.91243434449
2025-03-23 14:00:00,85036.7,85186.4,84918.0,84996.9,2492.284,178.55505430547055,149.55078953637513,29.004264769095414,69.91890095534819,84620.235,85114.20214263214,84126.26785736786,84664.40543237074,84431.45061984849,84241.50435042066
2025-03-23 14:15:00,84996.9,85043.6,84821.0,84854.4,1188.897,171.51396174669208,153.94342397843855,17.57053776825353,61.38556051265817,84648.24,85127.69820914442,84168.78179085559,84682.50015309734,84448.03687026525,84247.60281459558
2025-03-23 14:30:00,84854.3,85075.1,84854.3,84958.0,928.888,172.30724863942305,157.61618891063546,14.691059728787593,64.75354085577757,84681.24500000001,85149.91778889738,84212.57221110264,84708.73823375473,84468.03542462127,84254.67144330607
2025-03-23 14:45:00,84957.9,85004.0,84835.0,84862.0,1000.313,163.30703468200227,158.75435806490884,4.552676617093425,59.56871465431108,84710.565,85144.4673963741,84276.66260362591,84723.33459244476,84483.48501599723,84260.71451352193
2025-03-23 15:00:00,84862.0,85020.0,84859.9,84996.4,900.05,165.11590369336773,160.02666719060062,5.089236502767108,63.923867255584426,84746.8,85146.04356897598,84347.55643102403,84749.34082173574,84503.59932932635,84268.03476711873
2025-03-23 15:15:00,84996.5,85145.0,84959.8,85042.1,1374.465,168.29703008465003,161.6807397694105,6.6162903152395245,65.29287554146154,84783.79000000001,85144.89500528571,84422.6849947143,84777.22264823709,84524.71700291906,84275.73690873945
2025-03-23 15:30:00,85042.2,85231.7,84975.0,85103.2,1837.918,173.74552477771067,164.09369677107054,9.65182800664013,67.09096361251923,84815.41,85171.83920253729,84458.98079746272,84808.26811030974,84547.4026108882,84283.97037233408
2025-03-23 15:45:00,85103.1,85165.0,85088.0,85148.0,547.63,179.60807161955745,167.19657174076792,12.411499878789527,68.38431464624858,84851.425,85187.90958086254,84514.94041913746,84840.62352837548,84570.95544991676,84292.5676820621
2025-03-23 16:00:00,85148.0,85311.0,85014.5,85271.1,1367.488,191.97436248857412,172.15212989032918,19.822232598244938,71.67805286250756,84882.48000000001,85253.5582899383,84511.40171006172,84881.62128757781,84598.41209920828,84302.30432204159
2025-03-23 16:15:00,85271.1,85316.2,85178.0,85240.5,1056.066,197.03428425217862,177.1285607626991,19.905723489479527,69.7332549820672,84900.66500000001,85304.75016181666,84496.57983818336,84915.80021257041,84623.5920171231,84311.6396024193
2025-03-23 16:30:00,85240.6,85266.7,84899.2,85061.2,2563.949,184.450071568368,178.59286292383288,5.85720864453512,59.539443638020195,84916.525,85319.61821306795,84513.43178693204,84929.64781137322,84640.75311464582,84319.09791483304
2025-03-23 16:45:00,85061.3,85333.0,85061.3,85207.3,1830.594,184.1433514136006,179.70296062178645,4.440390791814167,64.1395417929679,84944.315,85347.11201705424,84541.51798294576,84956.09087695673,84662.97063975447,84327.93574652624
2025-03-23 17:00:00,85207.4,85333.0,85207.3,85246.3,1288.632,184.91565497993724,180.74549949341662,4.170155486520628,65.27450749259691,84976.275,85367.6875505618,84584.8624494382,84983.72984105609,84685.84630113129,84337.07369929714
2025-03-23 17:15:00,85246.2,85376.4,85200.0,85200.1,1168.262,179.72796512473724,180.54199261968077,-0.8140274949435309,62.74123438404606,85002.66500000001,85378.65104831403,84626.67895168599,85004.33652286026,84706.01311301318,84345.66102567229
2025-03-23 17:30:00,85200.0,85215.6,84819.0,84897.5,3417.045,149.476322473216,174.32885859038782,-24.852536117171837,49.25720218233419,85012.79000000001,85363.97979064476,84661.60020935525,84994.16161592118,84713.52240275675,84351.15196074023
2025-03-23 17:45:00,84897.6,85095.6,84897.6,84973.2,1329.389,130.1102056098025,165.48512799427078,-35.37492238446828,52.034408628546345,85027.12999999999,85343.94374305727,84710.31625694271,84992.16527154774,84723.70583801807,84357.3414934692
2025-03-23 18:00:00,84973.2,84988.9,84840.1,84894.5,836.184,107.17652196342533,153.8234067881017,-46.64688482467636,49.02999879943713,85036.365,85323.62013526713,84749.10986473288,84982.86381711462,84730.40364833946,84362.6863542307
2025-03-23 18:15:00,84894.6,84958.0,84756.0,84758.4,1102.811,77.1301712779532,138.484759686072,-61.354588408118815,44.269611004475784,85028.28,85337.57064239672,84718.98935760328,84961.48631072276,84731.5015444905,84366.62380344233
2025-03-23 18:30:00,84758.4,84925.0,84758.4,84910.5,666.193,64.84394015652651,123.75659578016291,-58.9126556236364,50.1004716645769,85032.91500000001,85331.51840376048,84734.31159623954,84956.6304716063,84738.52109181142,84372.03550689066
2025-03-23 18:45:00,84910.5,84999.9,84892.5,84933.8,681.985,56.337702780394466,110.27281718020922,-53.93511439981475,50.94714573981463,85027.76999999999,85329.62705993411,84725.91294006587,84954.45614097713,84746.17908825922,84377.62520333953
2025-03-23 19:00:00,84933.9,85050.0,84854.1,85005.1,890.14,54.718995972536504,99.16205293867468,-44.44305696613817,53.54474958885024,85028.18000000001,85329.88275089106,84726.47724910895,84959.27936564597,84756.33284956543,84383.86873365456
2025-03-23 19:15:00,85005.2,85022.5,84932.9,84940.1,387.832,47.64201490118285,88.85804533117631,-41.21603042999347,50.8985502371514,85032.465,85326.10207836369,84738.8279216363,84957.45275939397,84763.53940452635,84389.40337312067
2025-03-23 19:30:00,84940.0,84994.0,84915.9,84959.3,235.948,43.08606659853831,79.70364958464872,-36.617582986110406,51.65852318978144,85032.53,85326.09824078993,84738.96175921007,84957.62868707074,84771.21629066627,84395.07398632345
2025-03-23 19:45:00,84959.2,84984.6,84938.3,84966.7,233.273,39.615895516995806,71.68609877111814,-32.07020325412233,51.967096129728745,85037.765,85322.11874022412,84753.41125977588,84958.49262163544,84778.88231852445,84400.76180735505
2025-03-23 20:00:00,84966.7,85136.4,84966.6,85079.6,1021.775,45.45190511958208,66.43926004081092,-20.987354921228842,56.52651304299659,85041.925,85326.16506810492,84757.68493189508,84970.02665767015,84790.67516883924,84407.5164162371
2025-03-23 20:15:00,85079.6,85182.0,85070.6,85170.5,418.981,56.75758893789316,64.50292582022738,-7.745336882334215,59.83249123663321,85048.345,85338.34360235685,84758.34639764315,84989.11935693966,84805.57026033114,84415.10829269244
2025-03-23 20:30:00,85170.5,85230.0,85126.4,85174.4,670.51,65.27961940596288,64.65826453737448,0.6213548685883978,59.97313242273385,85051.905,85346.45138433839,84757.35861566161,85006.76513246921,84820.03417175959,84422.66343405869
2025-03-23 20:45:00,85174.4,85228.2,85055.0,85055.1,351.54,61.69568750022154,64.0657491299439,-2.3700616297223576,53.77093313824881,85047.26,85338.33528706049,84756.1847129395,85011.36845318643,84829.25243957591,84428.95633521234
2025-03-23 21:00:00,85055.0,85055.0,84921.0,84921.0,590.14,47.48724298720481,60.75004790139608,-13.262804914191271,47.788407608217284,85029.75499999999,85305.87535876915,84753.63464123083,85002.76193383534,84832.85038313776,84433.8522920759
2025-03-23 21:15:00,84921.0,84978.4,84868.9,84966.8,550.316,39.46766688169737,56.49357169745634,-17.02590481575897,49.8410205485234,85016.06999999999,85274.79397077407,84757.34602922591,84999.33698775579,84838.10330931141,84439.1552543438
2025-03-23 21:30:00,84966.7,85029.5,84915.1,84915.1,295.714,28.610532703518402,50.916963898668754,-22.306431195150353,47.567693268661785,85008.765,85270.35805700679,84747.17194299321,84991.31441749333,84841.12278738988,84443.8910229573
2025-03-23 21:45:00,84915.2,85145.5,84912.8,85144.1,303.201,38.045991308026714,48.34276938054035,-10.29677807251364,56.93702630284082,85005.605,85258.4817577933,84752.7282422067,85005.8654253511,84853.00424675425,84450.8582764602
2025-03-23 22:00:00,85144.1,85354.3,85114.6,85352.1,2317.388,61.597464672726346,50.993708438977556,10.60375623374879,63.34418056110725,85010.895,85288.21739627222,84733.5726037278,85038.84014674624,84872.57662930779,84459.82585579892
2025-03-23 22:15:00,85352.1,85662.9,85340.8,85463.0,3809.013,88.19423195648415,58.433813142478876,29.76041881400527,66.22924078038795,85024.04000000001,85358.21808300124,84689.86191699878,85079.2363232466,84895.73048706533,84469.80768807953
2025-03-23 22:30:00,85463.1,85548.9,85299.9,85301.3,997.295,95.12794727046276,65.77263996807565,29.355307302387104,58.94443591487612,85044.23000000001,85394.61752140794,84693.84247859208,85100.38524484217,84911.63517390208,84478.08124342201
2025-03-23 22:45:00,85301.4,85402.2,85228.1,85333.2,1258.461,102.02099548204569,73.02231107086966,28.99868441117603,59.88194052261262,85062.23000000001,85433.61223237905,84690.84776762097,85122.55807866671,84928.16712792162,84486.58988776608
2025-03-23 23:00:00,85333.3,85526.4,85333.3,85470.2,754.681,117.18767433178436,81.85538372305261,35.33229060873175,63.714182045877386,85091.015,85495.43199831592,84686.59800168408,85155.6668330794,84949.42331905138,84496.37705306194
2025-03-23 23:15:00,85470.2,85747.2,85470.2,85703.9,1505.561,146.37766289690626,94.75983955782335,51.6178233390829,69.1311496497033,85138.29000000001,85596.47268891528,84680.10731108474,85207.87951564328,84979.01063996363,84508.39220676282
2025-03-23 23:30:00,85704.0,85827.3,85586.6,85639.2,1832.796,162.41793698184483,108.29145904262768,54.12647793921715,66.18529651431899,85174.725,85670.95211216007,84678.49788783994,85248.95765701057,85004.90041886488,84519.64402560101
2025-03-23 23:45:00,85639.2,86110.9,85620.2,86044.2,4401.386,205.44187893463823,127.72154302102982,77.72033591360841,73.73122329622953,85230.24500000001,85846.8467070675,84613.64329293252,85324.69502300955,85045.65726529929,84534.81373678906
2025-03-24 00:00:00,86044.1,86050.9,85827.4,85940.1,2951.016,228.5046040664747,147.87815523011884,80.62644883635588,69.44171203258901,85276.99500000001,85959.93469981225,84594.05530018777,85383.30502081817,85080.73345106925,84548.79668468171
2025-03-24 00:15:00,85940.1,86392.8,85940.1,86382.4,3623.428,279.2528405194462,174.15309228798432,105.09974823146186,75.86613522581511,85349.11,86172.43343430418,84525.78656569582,85478.45692359739,85131.77919821955,84567.04149378937
2025-03-24 00:30:00,86382.4,86619.9,86162.0,86215.0,5120.584,302.47664012768655,199.81780185592478,102.65883827176177,69.87828971537508,85411.89499999999,86299.0924264952,84524.69757350477,85548.60388325478,85174.25844545486,84583.43909086609
2025-03-24 00:45:00,86215.1,86241.8,85933.5,85994.8,2667.159,299.65908551728353,219.78605858819654,79.87302692908699,62.85109454482899,85463.3,86360.9632494842,84565.63675051581,85591.09875151623,85206.43654571073,84597.48248299677
2025-03-24 01:00:00,85994.8,86010.9,85664.5,85767.9,2653.236,275.93639645766234,231.0161261620897,44.920270295572635,56.541402149043236,85497.715,86386.1689315728,84609.2610684272,85607.93696565754,85228.45472043978,84609.1284284396
2025-03-24 01:15:00,85767.9,85888.1,85575.9,85617.4,1755.553,242.1999717362196,233.2528952769157,8.9470764593039,52.75809878722769,85520.06000000001,86396.25791179418,84643.86208820585,85608.8382070235,85243.70747653494,84619.16098139045
2025-03-24 01:30:00,85617.4,85723.0,85541.0,85580.0,1150.102,210.02471052440524,228.60725832641364,-18.582547802008406,51.82997610512753,85540.34,86401.4982907254,84679.18170927459,85606.09171111649,85256.89541865983,84628.7215686403
2025-03-24 01:45:00,85580.0,85684.8,85502.2,85502.3,692.6,176.22443794510036,218.130694250151,-41.90625630505065,49.867223606689564,85562.7,86393.4966246801,84731.90337531989,85596.20678624827,85266.51912775177,84637.4138913404
